CREATE TABLE BANCO (
    ID_BANCO INT PRIMARY KEY NOT NULL,
    CODIGO CHAR(3) UNIQUE NOT NULL,
    NOME VARCHAR2(100) NOT NULL
);

CREATE TABLE ENDERECO(
    ID_ENDERECO INT PRIMARY KEY NOT NULL,
    LOGRADOURO VARCHAR2(255) NOT NULL,
    NUMERO INT NOT NULL,
    COMPLEMENTO VARCHAR2(100),
    CEP CHAR(8),
    BAIRRO VARCHAR2(100) NOT NULL,
    CIDADE VARCHAR2(100) NOT NULL,
    ESTADO VARCHAR2(100) NOT NULL,
    PAIS VARCHAR2(100) NOT NULL
);

CREATE TABLE CONSOLIDACAO(
    ID_CONSOLIDACAO INT PRIMARY KEY NOT NULL,
    SALDO_ATUAL DECIMAL(16,8) NOT NULL,
    SAQUES DECIMAL(16,8) NOT NULL,
    DEPOSITOS DECIMAL(16,8) NOT NULL,
    NUMERO_CORRENTISTAS INTEGER NOT NULL
);

CREATE TABLE AGENCIA (
    ID_AGENCIA INT PRIMARY KEY NOT NULL,
    ID_BANCO INT NOT NULL,
    ID_ENDERECO INT NOT NULL,
    ID_CONSOLIDACAO INT NOT NULL,
    CODIGO CHAR(4) NOT NULL,
    NOME VARCHAR2(100) NOT NULL,
    CONSTRAINT FK_ID_BANCO FOREIGN KEY (ID_BANCO) REFERENCES BANCO(ID_BANCO),
    CONSTRAINT FK_ID_ENDERECO FOREIGN KEY (ID_ENDERECO) REFERENCES ENDERECO(ID_ENDERECO),
    CONSTRAINT FK_ID_CONSOLIDACAO FOREIGN KEY (ID_CONSOLIDACAO) REFERENCES CONSOLIDACAO(ID_CONSOLIDACAO)
);

CREATE TABLE TIPO_CONTA (
    ID_TIPO_CONTA INT PRIMARY KEY NOT NULL,
    VALOR_TIPO_CONTA VARCHAR(6)
);

CREATE TABLE CONTA (
    ID_CONTA INT PRIMARY KEY NOT NULL,
    ID_TIPO_CONTA INT NOT NULL,
    ID_AGENCIA INT NOT NULL,
    MOVIMENTACAO VARCHAR(7) CHECK( MOVIMENTACAO IN ('DEBITO','CREDITO') ),
    CODIGO CHAR(5) NOT NULL,
    SALDO DECIMAL(16,8) NOT NULL,
    CONSTRAINT FK_ID_TIPO_CONTA FOREIGN KEY (ID_TIPO_CONTA) REFERENCES TIPO_CONTA(ID_TIPO_CONTA),
    CONSTRAINT FK_ID_AGENCIA FOREIGN KEY (ID_AGENCIA) REFERENCES AGENCIA(ID_AGENCIA)
);

CREATE TABLE ESTADO_CIVIL (
    ID_ESTADO_CIVIL INT PRIMARY KEY NOT NULL,
    VALOR VARCHAR(50) NOT NULL
);

CREATE TABLE USUARIO (
    ID_USUARIO INT PRIMARY KEY NOT NULL,
    ID_ENDERECO INT NOT NULL,
    ID_ESTADO_CIVIL INT NOT NULL,
    NOME  VARCHAR2(255) NOT NULL,
    CPF CHAR(11) UNIQUE NOT NULL,
    DATA_NASCIMENTO  DATE NOT NULL,
    CONSTRAINT FK_ID_ENDERECO_USUARIO FOREIGN KEY (ID_ENDERECO) REFERENCES ENDERECO(ID_ENDERECO),
    CONSTRAINT FK_ID_ESTADO_CIVIL FOREIGN KEY (ID_ESTADO_CIVIL) REFERENCES ESTADO_CIVIL(ID_ESTADO_CIVIL)
);



CREATE TABLE GERENTE (
    ID_USUARIO INT PRIMARY KEY NOT NULL,
    ID_AGENCIA INT NOT NULL,
    CODIGO_FUNCIONARIO CHAR(6) NOT NULL,
    TIPO_GERENTE CHAR(2) CHECK( TIPO_GERENTE IN ('GC','GG') ),
    CONSTRAINT FK_ID_USUARIO_PARA_GERENTE FOREIGN KEY (ID_USUARIO) REFERENCES USUARIO(ID_USUARIO),
    CONSTRAINT FK_ID_AGENCIA_PARA_USUARIO FOREIGN KEY (ID_AGENCIA) REFERENCES AGENCIA(ID_AGENCIA)
);

CREATE TABLE CLIENTE (
    ID_USUARIO INT PRIMARY KEY NOT NULL,
    CONSTRAINT FK_ID_USUARIO_PARA_CLIENTE FOREIGN KEY (ID_USUARIO) REFERENCES USUARIO(ID_USUARIO)
);

CREATE TABLE BANCO_X_CLIENTE_X_TIPO (
    ID_BANCO INT NOT NULL,
    ID_USUARIO INT NOT NULL,
    ID_TIPO_CONTA INT NOT NULL,
    ID_CONTA INT NOT NULL,
    CONSTRAINT PK_BANCO_X_CLIENTE_X_TIPO  PRIMARY KEY (ID_BANCO, ID_USUARIO, ID_TIPO_CONTA),
    CONSTRAINT FK_ID_BANCO_BCT FOREIGN KEY (ID_BANCO) REFERENCES BANCO(ID_BANCO),
    CONSTRAINT FK_ID_USUARIO_BCT FOREIGN KEY (ID_USUARIO) REFERENCES CLIENTE(ID_USUARIO),
    CONSTRAINT FK_ID_TIPO_BCT FOREIGN KEY (ID_TIPO_CONTA) REFERENCES TIPO_CONTA(ID_TIPO_CONTA),
    CONSTRAINT FK_ID_CONTA_BCT FOREIGN KEY (ID_CONTA) REFERENCES CONTA(ID_CONTA)
);

CREATE TABLE CONTA_X_GERENTE (
    ID_CONTA INT NOT NULL,
    ID_USUARIO INT NOT NULL,
    CONSTRAINT PK_CONTA_X_GERENTE  PRIMARY KEY (ID_CONTA, ID_USUARIO),
    CONSTRAINT FK_ID_CONTA_C FOREIGN KEY (ID_CONTA) REFERENCES CONTA(ID_CONTA),
    CONSTRAINT FK_ID_USUARIO_AG FOREIGN KEY (ID_USUARIO) REFERENCES GERENTE(ID_USUARIO)
);

CREATE SEQUENCE BANCO_SEQ
    START WITH 1
    INCREMENT BY 1
    NOCYCLE;
    
CREATE SEQUENCE AGENCIA_SEQ;
CREATE SEQUENCE ENDERECO_SEQ;
CREATE SEQUENCE CONSOLIDACAO_SEQ;
CREATE SEQUENCE CONTA_SEQ;
CREATE SEQUENCE TIPO_CONTA_SEQ;
CREATE SEQUENCE ESTADO_CIVIL_SEQ;
CREATE SEQUENCE USUARIO_SEQ;

-- INSERCAO DE DADOS DE BANCOS

INSERT INTO BANCO VALUES(BANCO_SEQ.NEXTVAL, '011', 'Banco Alfa');
INSERT INTO BANCO VALUES(BANCO_SEQ.NEXTVAL, '241', 'Banco Beta');
INSERT INTO BANCO VALUES(BANCO_SEQ.NEXTVAL, '307', 'Banco Omega');

-- INSERIR TIPOS DE CONTA
INSERT INTO TIPO_CONTA VALUES(TIPO_CONTA_SEQ.NEXTVAL, 'PJ');
INSERT INTO TIPO_CONTA VALUES(TIPO_CONTA_SEQ.NEXTVAL, 'PF');
INSERT INTO TIPO_CONTA VALUES(TIPO_CONTA_SEQ.NEXTVAL, 'CONJ');
INSERT INTO TIPO_CONTA VALUES(TIPO_CONTA_SEQ.NEXTVAL, 'INVEST');

-- CRIANDO VALORES DE CONSOLIDACAO
INSERT INTO CONSOLIDACAO VALUES(CONSOLIDACAO_SEQ.NEXTVAL, 1000000.00000, 800, 800, 3);
INSERT INTO CONSOLIDACAO VALUES(CONSOLIDACAO_SEQ.NEXTVAL, 1000000.00000, 800, 800, 3);
INSERT INTO CONSOLIDACAO VALUES(CONSOLIDACAO_SEQ.NEXTVAL, 1000000.00000, 800, 800, 4);
INSERT INTO CONSOLIDACAO VALUES(CONSOLIDACAO_SEQ.NEXTVAL, 1000000.00000, 800, 800, 10);
INSERT INTO CONSOLIDACAO VALUES(CONSOLIDACAO_SEQ.NEXTVAL, 1000000.00000, 800, 800, 3);
INSERT INTO CONSOLIDACAO VALUES(CONSOLIDACAO_SEQ.NEXTVAL, 1000000.00000, 800, 800, 3);
INSERT INTO CONSOLIDACAO VALUES(CONSOLIDACAO_SEQ.NEXTVAL, 1000000.00000, 800, 800, 4);

-- CRIANDO ENDERECOS
INSERT INTO ENDERECO VALUES(ENDERECO_SEQ.NEXTVAL, 'Rua Testando', 55, 'loja 1', NULL, 'NA', 'NA', 'NA','Brasil');
INSERT INTO ENDERECO VALUES(ENDERECO_SEQ.NEXTVAL, 'Rua Testing', 122, NULL, NULL, 'Between Hyde and Powell Streets', 'San Francisco', 'California','EUA');
INSERT INTO ENDERECO VALUES(ENDERECO_SEQ.NEXTVAL, 'Rua Tesing', 525, NULL, NULL, 'Croydon', 'Londres', 'Boroughs','Engalnd');
INSERT INTO ENDERECO VALUES(ENDERECO_SEQ.NEXTVAL, 'Rua Testando', 55, 'loja 2', NULL, 'NA', 'NA', 'NA','Brasil');
INSERT INTO ENDERECO VALUES(ENDERECO_SEQ.NEXTVAL, 'Rua Testando', 55, 'loja 3', NULL, 'NA', 'NA', 'NA','Brasil');
INSERT INTO ENDERECO VALUES(ENDERECO_SEQ.NEXTVAL, 'Rua do meio', 2233, NULL, NULL, 'Qualquer', 'Itu', 'Sao Paulo','Brasil');
INSERT INTO ENDERECO VALUES(ENDERECO_SEQ.NEXTVAL, 'Rua do boca', 222, NULL, NULL, 'Caminito', 'Buenos Aires', 'Buenis Aires','Argentina');

-- CRIANDO AGENCIAS
INSERT INTO AGENCIA VALUES(AGENCIA_SEQ.NEXTVAL, 1, 1, 4, '0001', 'Web');
INSERT INTO AGENCIA VALUES(AGENCIA_SEQ.NEXTVAL, 1, 2, 5, '0002', 'California');
INSERT INTO AGENCIA VALUES(AGENCIA_SEQ.NEXTVAL, 1, 3, 6, '0101', 'Londres');
INSERT INTO AGENCIA VALUES(AGENCIA_SEQ.NEXTVAL, 2, 5, 7, '0001', 'Web');
INSERT INTO AGENCIA VALUES(AGENCIA_SEQ.NEXTVAL, 3, 6, 8, '0001', 'Web');
INSERT INTO AGENCIA VALUES(AGENCIA_SEQ.NEXTVAL, 3, 6, 9, '8761', 'Itu');
INSERT INTO AGENCIA VALUES(AGENCIA_SEQ.NEXTVAL, 3, 7, 10, '4567', 'Hermana');

-- CRIANDO ENDERECOS PARA CORRENTISTAS QUE CURIOSAMENTE MORAM JUNTOS
INSERT INTO ENDERECO VALUES(ENDERECO_SEQ.NEXTVAL, 'Rua dos Clientes', 100, 'ap 1', NULL, 'Azenha', 'Porto Alegre', 'Rio Grande do Sul','Brasil');

-- INSERIR ESTADO CIVIL
INSERT INTO ESTADO_CIVIL VALUES(ESTADO_CIVIL_SEQ.NEXTVAL, 'SOLTEIRO');
INSERT INTO ESTADO_CIVIL VALUES(ESTADO_CIVIL_SEQ.NEXTVAL, 'CASADO');
INSERT INTO ESTADO_CIVIL VALUES(ESTADO_CIVIL_SEQ.NEXTVAL, 'DIVORCIADO');
INSERT INTO ESTADO_CIVIL VALUES(ESTADO_CIVIL_SEQ.NEXTVAL, 'SEPARADO');


-- INSERIR 30 USUARIOS - 10 POR BANCO
INSERT INTO USUARIO VALUES(USUARIO_SEQ.NEXTVAL, 8, 1, 'User 1', '00000000000', TO_DATE('25/02/1985', 'DD/MM/YYYY'));
INSERT INTO USUARIO VALUES(USUARIO_SEQ.NEXTVAL, 8, 1, 'User 2', '11111111111', TO_DATE('25/02/1985', 'DD/MM/YYYY'));
INSERT INTO USUARIO VALUES(USUARIO_SEQ.NEXTVAL, 8, 1, 'User 3', '22222222222', TO_DATE('25/02/1985', 'DD/MM/YYYY'));
INSERT INTO USUARIO VALUES(USUARIO_SEQ.NEXTVAL, 8, 1, 'User 4', '33333333333', TO_DATE('25/02/1985', 'DD/MM/YYYY'));
INSERT INTO USUARIO VALUES(USUARIO_SEQ.NEXTVAL, 8, 1, 'User 5', '44444444444', TO_DATE('25/02/1985', 'DD/MM/YYYY'));
INSERT INTO USUARIO VALUES(USUARIO_SEQ.NEXTVAL, 8, 1, 'User 6', '55555555555', TO_DATE('25/02/1985', 'DD/MM/YYYY'));
INSERT INTO USUARIO VALUES(USUARIO_SEQ.NEXTVAL, 8, 1, 'User 7', '66666666666', TO_DATE('25/02/1985', 'DD/MM/YYYY'));
INSERT INTO USUARIO VALUES(USUARIO_SEQ.NEXTVAL, 8, 1, 'User 8', '77777777777', TO_DATE('25/02/1985', 'DD/MM/YYYY'));
INSERT INTO USUARIO VALUES(USUARIO_SEQ.NEXTVAL, 8, 1, 'User 9', '88888888888', TO_DATE('25/02/1985', 'DD/MM/YYYY'));
INSERT INTO USUARIO VALUES(USUARIO_SEQ.NEXTVAL, 8, 1, 'User 10', '99999999999', TO_DATE('25/02/1985', 'DD/MM/YYYY'));
INSERT INTO USUARIO VALUES(USUARIO_SEQ.NEXTVAL, 8, 1, 'User 11', '01000000000', TO_DATE('25/02/1985', 'DD/MM/YYYY'));
INSERT INTO USUARIO VALUES(USUARIO_SEQ.NEXTVAL, 8, 1, 'User 12', '00100000000', TO_DATE('25/02/1985', 'DD/MM/YYYY'));
INSERT INTO USUARIO VALUES(USUARIO_SEQ.NEXTVAL, 8, 1, 'User 13', '00010000000', TO_DATE('25/02/1985', 'DD/MM/YYYY'));
INSERT INTO USUARIO VALUES(USUARIO_SEQ.NEXTVAL, 8, 1, 'User 14', '00001000000', TO_DATE('25/02/1985', 'DD/MM/YYYY'));
INSERT INTO USUARIO VALUES(USUARIO_SEQ.NEXTVAL, 8, 1, 'User 15', '00000100000', TO_DATE('25/02/1985', 'DD/MM/YYYY'));
INSERT INTO USUARIO VALUES(USUARIO_SEQ.NEXTVAL, 8, 1, 'User 16', '00000010000', TO_DATE('25/02/1985', 'DD/MM/YYYY'));
INSERT INTO USUARIO VALUES(USUARIO_SEQ.NEXTVAL, 8, 1, 'User 17', '00000001000', TO_DATE('25/02/1985', 'DD/MM/YYYY'));
INSERT INTO USUARIO VALUES(USUARIO_SEQ.NEXTVAL, 8, 1, 'User 18', '00000000100', TO_DATE('25/02/1985', 'DD/MM/YYYY'));
INSERT INTO USUARIO VALUES(USUARIO_SEQ.NEXTVAL, 8, 1, 'User 19', '00000000010', TO_DATE('25/02/1985', 'DD/MM/YYYY'));
INSERT INTO USUARIO VALUES(USUARIO_SEQ.NEXTVAL, 8, 1, 'User 20', '00000000001', TO_DATE('25/02/1985', 'DD/MM/YYYY'));
INSERT INTO USUARIO VALUES(USUARIO_SEQ.NEXTVAL, 8, 1, 'User 21', '00000000002', TO_DATE('25/02/1985', 'DD/MM/YYYY'));
INSERT INTO USUARIO VALUES(USUARIO_SEQ.NEXTVAL, 8, 1, 'User 22', '00000000020', TO_DATE('25/02/1985', 'DD/MM/YYYY'));
INSERT INTO USUARIO VALUES(USUARIO_SEQ.NEXTVAL, 8, 1, 'User 23', '00000000200', TO_DATE('25/02/1985', 'DD/MM/YYYY'));
INSERT INTO USUARIO VALUES(USUARIO_SEQ.NEXTVAL, 8, 1, 'User 24', '00000002000', TO_DATE('25/02/1985', 'DD/MM/YYYY'));
INSERT INTO USUARIO VALUES(USUARIO_SEQ.NEXTVAL, 8, 1, 'User 25', '00000020000', TO_DATE('25/02/1985', 'DD/MM/YYYY'));
INSERT INTO USUARIO VALUES(USUARIO_SEQ.NEXTVAL, 8, 1, 'User 26', '00000200000', TO_DATE('25/02/1985', 'DD/MM/YYYY'));
INSERT INTO USUARIO VALUES(USUARIO_SEQ.NEXTVAL, 8, 1, 'User 27', '00002000000', TO_DATE('25/02/1985', 'DD/MM/YYYY'));
INSERT INTO USUARIO VALUES(USUARIO_SEQ.NEXTVAL, 8, 1, 'User 28', '00020000000', TO_DATE('25/02/1985', 'DD/MM/YYYY'));
INSERT INTO USUARIO VALUES(USUARIO_SEQ.NEXTVAL, 8, 1, 'User 29', '00200000000', TO_DATE('25/02/1985', 'DD/MM/YYYY'));
INSERT INTO USUARIO VALUES(USUARIO_SEQ.NEXTVAL, 8, 1, 'User 30', '02000000000', TO_DATE('25/02/1985', 'DD/MM/YYYY'));

-- INSERINDO USUARIOS EM CLIENTES
INSERT INTO CLIENTE
SELECT ID_USUARIO FROM USUARIO;

-- INSERINDO CONTAS
INSERT INTO CONTA VALUES(CONTA_SEQ.NEXTVAL, 1, 1, NULL,'00001', 0);
INSERT INTO CONTA VALUES(CONTA_SEQ.NEXTVAL, 1, 2, NULL,'00002', 0); 
INSERT INTO CONTA VALUES(CONTA_SEQ.NEXTVAL, 3, 2, NULL,'00003', 0); 
INSERT INTO CONTA VALUES(CONTA_SEQ.NEXTVAL, 3, 3, NULL,'00004', 0); 
INSERT INTO CONTA VALUES(CONTA_SEQ.NEXTVAL, 3, 3, NULL,'00005', 0);

INSERT INTO CONTA VALUES(CONTA_SEQ.NEXTVAL, 1, 4, NULL,'00001', 0);
INSERT INTO CONTA VALUES(CONTA_SEQ.NEXTVAL, 1, 4, NULL,'00002', 0); 
INSERT INTO CONTA VALUES(CONTA_SEQ.NEXTVAL, 3, 4, NULL,'00003', 0); 
INSERT INTO CONTA VALUES(CONTA_SEQ.NEXTVAL, 3, 4, NULL,'00004', 0); 
INSERT INTO CONTA VALUES(CONTA_SEQ.NEXTVAL, 3, 4, NULL,'00005', 0);

INSERT INTO CONTA VALUES(CONTA_SEQ.NEXTVAL, 1, 5, NULL,'00001', 0);
INSERT INTO CONTA VALUES(CONTA_SEQ.NEXTVAL, 1, 6, NULL,'00002', 0); 
INSERT INTO CONTA VALUES(CONTA_SEQ.NEXTVAL, 3, 6, NULL,'00003', 0); 
INSERT INTO CONTA VALUES(CONTA_SEQ.NEXTVAL, 3, 7, NULL,'00004', 0); 
INSERT INTO CONTA VALUES(CONTA_SEQ.NEXTVAL, 3, 7, NULL,'00005', 0);

-- INSERINDO GERENTES 
INSERT INTO USUARIO VALUES(USUARIO_SEQ.NEXTVAL, 8, 1, 'User 31', '11000000000', TO_DATE('25/02/1985', 'DD/MM/YYYY'));
INSERT INTO USUARIO VALUES(USUARIO_SEQ.NEXTVAL, 8, 1, 'User 32', '12000000000', TO_DATE('25/02/1985', 'DD/MM/YYYY'));
INSERT INTO USUARIO VALUES(USUARIO_SEQ.NEXTVAL, 8, 1, 'User 33', '22000000000', TO_DATE('25/02/1985', 'DD/MM/YYYY'));
INSERT INTO USUARIO VALUES(USUARIO_SEQ.NEXTVAL, 8, 1, 'User 34', '03000000000', TO_DATE('25/02/1985', 'DD/MM/YYYY'));
INSERT INTO USUARIO VALUES(USUARIO_SEQ.NEXTVAL, 8, 1, 'User 35', '04000000000', TO_DATE('25/02/1985', 'DD/MM/YYYY'));
INSERT INTO USUARIO VALUES(USUARIO_SEQ.NEXTVAL, 8, 1, 'User 36', '05000000000', TO_DATE('25/02/1985', 'DD/MM/YYYY'));
INSERT INTO USUARIO VALUES(USUARIO_SEQ.NEXTVAL, 8, 1, 'User 37', '06000000000', TO_DATE('25/02/1985', 'DD/MM/YYYY'));
INSERT INTO USUARIO VALUES(USUARIO_SEQ.NEXTVAL, 8, 1, 'User 38', '06100000000', TO_DATE('25/02/1985', 'DD/MM/YYYY'));
INSERT INTO USUARIO VALUES(USUARIO_SEQ.NEXTVAL, 8, 1, 'User 39', '06200000000', TO_DATE('25/02/1985', 'DD/MM/YYYY'));
INSERT INTO USUARIO VALUES(USUARIO_SEQ.NEXTVAL, 8, 1, 'User 40', '06300000000', TO_DATE('25/02/1985', 'DD/MM/YYYY'));
INSERT INTO USUARIO VALUES(USUARIO_SEQ.NEXTVAL, 8, 1, 'User 41', '06400000000', TO_DATE('25/02/1985', 'DD/MM/YYYY'));
INSERT INTO USUARIO VALUES(USUARIO_SEQ.NEXTVAL, 8, 1, 'User 42', '06500000000', TO_DATE('25/02/1985', 'DD/MM/YYYY'));
INSERT INTO USUARIO VALUES(USUARIO_SEQ.NEXTVAL, 8, 1, 'User 43', '06600000000', TO_DATE('25/02/1985', 'DD/MM/YYYY'));
INSERT INTO USUARIO VALUES(USUARIO_SEQ.NEXTVAL, 8, 1, 'User 44', '06700000000', TO_DATE('25/02/1985', 'DD/MM/YYYY'));
INSERT INTO USUARIO VALUES(USUARIO_SEQ.NEXTVAL, 8, 1, 'User 45', '06800000000', TO_DATE('25/02/1985', 'DD/MM/YYYY'));

INSERT INTO GERENTE VALUES(31, 1, '000001', 'GC');
INSERT INTO GERENTE VALUES(32, 2, '000002', 'GC');
INSERT INTO GERENTE VALUES(33, 3, '000003', 'GC');
INSERT INTO GERENTE VALUES(34, 4, '000004', 'GC');
INSERT INTO GERENTE VALUES(35, 5, '000005', 'GC');
INSERT INTO GERENTE VALUES(36, 6, '000006', 'GC');
INSERT INTO GERENTE VALUES(37, 7, '000007', 'GC');
INSERT INTO GERENTE VALUES(42, 7, '000017', 'GC');
INSERT INTO GERENTE VALUES(43, 7, '000008', 'GC');
INSERT INTO GERENTE VALUES(44, 7, '000009', 'GC');
INSERT INTO GERENTE VALUES(45, 7, '000010', 'GC');
INSERT INTO GERENTE VALUES(46, 7, '000011', 'GC');
INSERT INTO GERENTE VALUES(47, 7, '000012', 'GC');
INSERT INTO GERENTE VALUES(48, 7, '000013', 'GC');
INSERT INTO GERENTE VALUES(49, 7, '000014', 'GC');

--GERENTE CONTA
INSERT INTO CONTA_X_GERENTE VALUES(1, 31);
INSERT INTO CONTA_X_GERENTE VALUES(2, 32);
INSERT INTO CONTA_X_GERENTE VALUES(3, 33);
INSERT INTO CONTA_X_GERENTE VALUES(4, 34);
INSERT INTO CONTA_X_GERENTE VALUES(5, 35);
INSERT INTO CONTA_X_GERENTE VALUES(6, 36);
INSERT INTO CONTA_X_GERENTE VALUES(7, 37);
INSERT INTO CONTA_X_GERENTE VALUES(8, 42);
INSERT INTO CONTA_X_GERENTE VALUES(9, 43);
INSERT INTO CONTA_X_GERENTE VALUES(10, 44);
INSERT INTO CONTA_X_GERENTE VALUES(11, 45);
INSERT INTO CONTA_X_GERENTE VALUES(12, 46);
INSERT INTO CONTA_X_GERENTE VALUES(13, 47);
INSERT INTO CONTA_X_GERENTE VALUES(14, 48);
INSERT INTO CONTA_X_GERENTE VALUES(15, 49);


--INSERINDO RELACAO CLIENTE CONTA

INSERT INTO BANCO_X_CLIENTE_X_TIPO VALUES (1, 1, 1, 1);
INSERT INTO BANCO_X_CLIENTE_X_TIPO VALUES (1, 2, 1, 1);
INSERT INTO BANCO_X_CLIENTE_X_TIPO VALUES (1, 3, 1, 1);
INSERT INTO BANCO_X_CLIENTE_X_TIPO VALUES (1, 4, 1, 2);
INSERT INTO BANCO_X_CLIENTE_X_TIPO VALUES (1, 5, 1, 2);
INSERT INTO BANCO_X_CLIENTE_X_TIPO VALUES (1, 6, 1, 2);
INSERT INTO BANCO_X_CLIENTE_X_TIPO VALUES (1, 5, 3, 3);
INSERT INTO BANCO_X_CLIENTE_X_TIPO VALUES (1, 6, 3, 3);
INSERT INTO BANCO_X_CLIENTE_X_TIPO VALUES (1, 7, 3, 4);
INSERT INTO BANCO_X_CLIENTE_X_TIPO VALUES (1, 8, 3, 4);
INSERT INTO BANCO_X_CLIENTE_X_TIPO VALUES (1, 9, 3, 5);
INSERT INTO BANCO_X_CLIENTE_X_TIPO VALUES (1, 10, 3, 5);
INSERT INTO BANCO_X_CLIENTE_X_TIPO VALUES (2, 11, 1, 6);
INSERT INTO BANCO_X_CLIENTE_X_TIPO VALUES (2, 12, 1, 6);
INSERT INTO BANCO_X_CLIENTE_X_TIPO VALUES (2, 13, 1, 6);
INSERT INTO BANCO_X_CLIENTE_X_TIPO VALUES (2, 14, 1, 7);
INSERT INTO BANCO_X_CLIENTE_X_TIPO VALUES (2, 15, 1, 7);
INSERT INTO BANCO_X_CLIENTE_X_TIPO VALUES (2, 16, 1, 7);
INSERT INTO BANCO_X_CLIENTE_X_TIPO VALUES (2, 15, 3, 8);
INSERT INTO BANCO_X_CLIENTE_X_TIPO VALUES (2, 16, 3, 8);
INSERT INTO BANCO_X_CLIENTE_X_TIPO VALUES (2, 17, 3, 9);
INSERT INTO BANCO_X_CLIENTE_X_TIPO VALUES (2, 18, 3, 9);
INSERT INTO BANCO_X_CLIENTE_X_TIPO VALUES (2, 19, 3, 10);
INSERT INTO BANCO_X_CLIENTE_X_TIPO VALUES (2, 20, 3, 10);
INSERT INTO BANCO_X_CLIENTE_X_TIPO VALUES (3, 21, 1, 11);
INSERT INTO BANCO_X_CLIENTE_X_TIPO VALUES (3, 22, 1, 11);
INSERT INTO BANCO_X_CLIENTE_X_TIPO VALUES (3, 23, 1, 11);
INSERT INTO BANCO_X_CLIENTE_X_TIPO VALUES (3, 24, 1, 12);
INSERT INTO BANCO_X_CLIENTE_X_TIPO VALUES (3, 25, 1, 12);
INSERT INTO BANCO_X_CLIENTE_X_TIPO VALUES (3, 26, 1, 12);
INSERT INTO BANCO_X_CLIENTE_X_TIPO VALUES (3, 25, 3, 13);
INSERT INTO BANCO_X_CLIENTE_X_TIPO VALUES (3, 26, 3, 13);
INSERT INTO BANCO_X_CLIENTE_X_TIPO VALUES (3, 27, 3, 14);
INSERT INTO BANCO_X_CLIENTE_X_TIPO VALUES (3, 28, 3, 14);
INSERT INTO BANCO_X_CLIENTE_X_TIPO VALUES (3, 29, 3, 15);
INSERT INTO BANCO_X_CLIENTE_X_TIPO VALUES (3, 30, 3, 15);


-- GERACAO DE RELATORIOS
-- BANCOS POR PAIS

SELECT BC.ID_BANCO, BC.NOME, EN.PAIS
FROM BANCO BC INNER JOIN AGENCIA AG ON BC.ID_BANCO = AG.ID_BANCO 
INNER JOIN ENDERECO EN ON AG.ID_ENDERECO = EN.ID_ENDERECO ORDER BY PAIS, NOME;

SELECT AG.ID_AGENCIA, BC.NOME, EN.LOGRADOURO, EN.NUMERO, EN.COMPLEMENTO,
EN.CEP, EN.BAIRRO, EN.CIDADE, EN.ESTADO, EN.PAIS, C.ID_CONTA, CLI.ID_USUARIO,
U.NOME AS USER_NOME, U.CPF, U.DATA_NASCIMENTO, EN.LOGRADOURO AS USER_LOGRADOURO, 
EN.NUMERO AS USER_NUMERO, EN.COMPLEMENTO AS USER_COMPLEMENTO,
EN.CEP AS USER_CEP, EN.BAIRRO AS USER_BAIRRO, EN.CIDADE AS USER_CIDADE, 
EN.ESTADO AS USER_ESTADO, EN.PAIS AS USER_PAIS, EC.VALOR AS ESTADO_CIVIL 
FROM AGENCIA AG INNER JOIN BANCO BC ON AG.ID_BANCO = BC.ID_BANCO 
INNER JOIN ENDERECO EN ON AG.ID_ENDERECO = EN.ID_ENDERECO
INNER JOIN CONTA C ON AG.ID_AGENCIA = C.ID_AGENCIA
INNER JOIN  BANCO_X_CLIENTE_X_TIPO BCT ON C.ID_CONTA = BCT.ID_CONTA
INNER JOIN CLIENTE CLI ON BCT.ID_USUARIO = CLI.ID_USUARIO
INNER JOIN USUARIO U ON CLI.ID_USUARIO = U.ID_USUARIO
INNER JOIN ENDERECO EN ON U.ID_ENDERECO = EN.ID_ENDERECO
INNER JOIN ESTADO_CIVIL EC ON U.ID_ESTADO_CIVIL = EC.ID_ESTADO_CIVIL;

SELECT CLI.ID_USUARIO,
U.NOME AS USER_NOME, U.CPF, U.DATA_NASCIMENTO, EN.LOGRADOURO AS USER_LOGRADOURO, 
EN.NUMERO AS USER_NUMERO, EN.COMPLEMENTO AS USER_COMPLEMENTO,
EN.CEP AS USER_CEP, EN.BAIRRO AS USER_BAIRRO, EN.CIDADE AS USER_CIDADE, 
EN.ESTADO AS USER_ESTADO, EN.PAIS AS USER_PAIS, EC.VALOR AS ESTADO_CIVIL 
FROM CLIENTE CLI 
INNER JOIN USUARIO U ON CLI.ID_USUARIO = U.ID_USUARIO
INNER JOIN ENDERECO EN ON U.ID_ENDERECO = EN.ID_ENDERECO
INNER JOIN ESTADO_CIVIL EC ON U.ID_ESTADO_CIVIL = EC.ID_ESTADO_CIVIL
ORDER BY ID_USUARIO;